Strategy,Return,Sharpe,Max DD,Win Rate,Trades
SMA_Cross_20_50,3.554842439606451,0.22182595119079088,-20.00417368489971,40.0,5
RSI_14,28.198348369479255,0.8665478743361457,-11.30645094335197,80.0,5
Bollinger_20_2.0,55.7659979121901,1.7042091217737685,-11.330444494428074,100.0,4
Momentum_20,-6.561587746855251,-0.07338277612394647,-19.514245739769848,50.0,6
