Strategy,Return,Sharpe,Max DD,Win Rate,Trades
SMA_Cross_20_50,-2.6970878765850794,0.04739679365287416,-20.028737344974783,40.0,5
RSI_14,20.51292941743671,0.6593231718217886,-13.167540888559948,80.0,10
Bollinger_20_2.0,56.01541004433026,1.7286129949441147,-11.356457954558568,100.0,4
Momentum_20,-11.930996870868068,-0.21943847904372907,-23.05678137495429,40.0,15
